Phase,Task,Description,Status,Priority,Dependencies,Notes
1,1.1,Buat Route untuk Laporan Perolehan CRM,completed,high,none,Route GET /laporan-perolehan + 8 API endpoints (termasuk export)
1,1.2,Buat LaporanPerolehanCrmController.php,completed,high,1.1,Controller dengan semua method API dan helper functions + apiExport
1,1.3,Update Sidebar Navigation,completed,medium,1.1,Link menu Realtime Perolehan dengan badge LIVE di dashboard & donatur
2,2.1,Buat API endpoint today-stats,completed,high,1.2,Total perolehan hari ini - jumlah transaksi - avg - donatur unik
2,2.2,Buat API endpoint hourly-breakdown,completed,high,1.2,Data perolehan per jam untuk chart
2,2.3,Buat API endpoint cs-leaderboard,completed,high,1.2,Ranking CS hari ini berdasarkan perolehan
2,2.4,Buat API endpoint source-breakdown,completed,medium,1.2,Breakdown per sumber donasi (hasil_dari - zakat - produk - dll)
2,2.5,Buat API endpoint team-breakdown,completed,medium,1.2,Breakdown per tim
2,2.6,Buat API endpoint trend-comparison,completed,medium,1.2,Today vs yesterday - MTD vs last month
2,2.7,Buat API endpoint live-feed,completed,high,1.2,20 transaksi terakhir realtime
3,3.1,Buat View Blade - Layout & Header,completed,high,2.1,Base layout dengan sidebar - header - loading modal
3,3.2,Buat View Blade - Hero Stats Section,completed,high,2.1,4 stats card utama dengan growth indicator
3,3.3,Buat View Blade - Chart Perolehan Per Jam,completed,high,2.2,Bar chart dengan Chart.js - peak hour indicator
3,3.4,Buat View Blade - CS Leaderboard,completed,high,2.3,Top 10 ranking dengan trophy icons
3,3.5,Buat View Blade - Source Breakdown,completed,medium,2.4,4 cards (hasil_dari - zakat - platform - produk)
3,3.6,Buat View Blade - Team Breakdown,completed,medium,2.5,Cards per tim dengan progress bar relatif
3,3.7,Buat View Blade - Trend Comparison,completed,medium,2.6,Today vs yesterday + MTD comparison
3,3.8,Buat View Blade - Live Feed,completed,high,2.7,Scrollable list 20 transaksi terbaru dengan animation
4,4.1,Implementasi Alpine.js Data & Init,completed,high,3.1,Alpine app dengan state management - auto init chart
4,4.2,Implementasi Auto-refresh (30 detik),completed,medium,4.1,Polling mechanism + toggle button
4,4.3,Implementasi Filter Tanggal,completed,medium,4.1,Date picker dengan auto reload
4,4.4,Implementasi Export Excel,completed,low,4.1,CSV export via apiExport endpoint
5,5.1,Mobile Responsive - Stats Cards,completed,medium,3.2,2-col grid on mobile - responsive text sizes
5,5.2,Mobile Responsive - Charts,completed,medium,3.3,Chart height responsive - maintained aspect ratio
5,5.3,Mobile Responsive - Leaderboard,completed,medium,3.4,Scrollable container - compact display
5,5.4,Mobile Responsive - Live Feed,completed,medium,3.8,Full width on mobile - compact time badges
6,6.1,Testing & Debugging,completed,high,5.4,Server berjalan tanpa error - routes verified
6,6.2,Performance Optimization,completed,medium,6.1,Query optimization dengan proper indexing dan limit
6,6.3,Final Review & Polish,completed,medium,6.2,UI complete dengan semua sections functional
